Date,Symbol,Open,High,Low,Close,Volume
01-12-2020,BTC-USD,19633.76953,19845.97461,18321.92188,18802.99805,49633658712
02-12-2020,BTC-USD,18801.74414,19308.33008,18347.71875,19201.0918,37387697139
03-12-2020,BTC-USD,19205.92578,19566.19141,18925.78516,19445.39844,31930317405
04-12-2020,BTC-USD,19446.9668,19511.4043,18697.19336,18699.76563,33872388058
05-12-2020,BTC-USD,18698.38477,19160.44922,18590.19336,19154.23047,27242455064
06-12-2020,BTC-USD,19154.17969,19390.5,18897.89453,19345.12109,25293775714
07-12-2020,BTC-USD,19343.12891,19411.82813,18931.14258,19191.63086,26896357742
08-12-2020,BTC-USD,19191.5293,19283.47852,18269.94531,18321.14453,31692288756
09-12-2020,BTC-USD,18320.88477,18626.29297,17935.54688,18553.91602,34420373071
10-12-2020,BTC-USD,18553.29883,18553.29883,17957.06445,18264.99219,25547132265
11-12-2020,BTC-USD,18263.92969,18268.45313,17619.5332,18058.9043,27919640985
12-12-2020,BTC-USD,18051.32031,18919.55078,18046.04102,18803.65625,21752580802
13-12-2020,BTC-USD,18806.76563,19381.53516,18734.33203,19142.38281,25450468637
14-12-2020,BTC-USD,19144.49219,19305.09961,19012.70898,19246.64453,22473997681
15-12-2020,BTC-USD,19246.91992,19525.00781,19079.8418,19417.07617,26741982541
16-12-2020,BTC-USD,19418.81836,21458.9082,19298.31641,21310.59766,44409011479
17-12-2020,BTC-USD,21308.35156,23642.66016,21234.67578,22805.16211,71378606374
18-12-2020,BTC-USD,22806.79688,23238.60156,22399.8125,23137.96094,40387896275
19-12-2020,BTC-USD,23132.86523,24085.85547,22826.47266,23869.83203,38487546580
20-12-2020,BTC-USD,23861.76563,24209.66016,23147.71094,23477.29492,37844228422
21-12-2020,BTC-USD,23474.45508,24059.98242,22159.36719,22803.08203,45852713981
22-12-2020,BTC-USD,22794.03906,23789.90234,22430.60547,23783.0293,44171632681
23-12-2020,BTC-USD,23781.97461,24024.49023,22802.64648,23241.3457,51146161904
24-12-2020,BTC-USD,23240.20313,23768.33789,22777.59766,23735.94922,41080759713
25-12-2020,BTC-USD,23733.57031,24710.10156,23463.67383,24664.79102,42068395846
26-12-2020,BTC-USD,24677.01563,26718.07031,24522.68945,26437.03711,48332647295
27-12-2020,BTC-USD,26439.37305,28288.83984,25922.76953,26272.29492,66479895605
28-12-2020,BTC-USD,26280.82227,27389.11133,26207.64063,27084.80859,49056742893
29-12-2020,BTC-USD,27081.81055,27370.7207,25987.29883,27362.4375,45265946774
30-12-2020,BTC-USD,27360.08984,28937.74023,27360.08984,28840.95313,51287442704
31-12-2020,BTC-USD,28841.57422,29244.87695,28201.99219,29001.7207,46754964848
01-01-2021,BTC-USD,28994.00977,29600.62695,28803.58594,29374.15234,40730301359
02-01-2021,BTC-USD,29376.45508,33155.11719,29091.18164,32127.26758,67865420765
03-01-2021,BTC-USD,32129.4082,34608.55859,32052.31641,32782.02344,78665235202
04-01-2021,BTC-USD,32810.94922,33440.21875,28722.75586,31971.91406,81163475344
05-01-2021,BTC-USD,31977.04102,34437.58984,30221.1875,33992.42969,67547324782
06-01-2021,BTC-USD,34013.61328,36879.69922,33514.03516,36824.36328,75289433811
07-01-2021,BTC-USD,36833.875,40180.36719,36491.19141,39371.04297,84762141031
08-01-2021,BTC-USD,39381.76563,41946.73828,36838.63672,40797.60938,88107519480
09-01-2021,BTC-USD,40788.64063,41436.35156,38980.875,40254.54688,61984162837
10-01-2021,BTC-USD,40254.21875,41420.19141,35984.62891,38356.44141,79980747690
11-01-2021,BTC-USD,38346.53125,38346.53125,30549.59961,35566.65625,1.23E+11
12-01-2021,BTC-USD,35516.35938,36568.52734,32697.97656,33922.96094,74773277909
13-01-2021,BTC-USD,33915.12109,37599.96094,32584.66797,37316.35938,69364315979
14-01-2021,BTC-USD,37325.10938,39966.40625,36868.5625,39187.32813,63615990033
15-01-2021,BTC-USD,39156.70703,39577.71094,34659.58984,36825.36719,67760757881
16-01-2021,BTC-USD,36821.64844,37864.36719,35633.55469,36178.14063,57706187875
17-01-2021,BTC-USD,36163.64844,36722.35156,34069.32031,35791.27734,52359854336
18-01-2021,BTC-USD,35792.23828,37299.28516,34883.84375,36630.07422,49511702429
19-01-2021,BTC-USD,36642.23438,37755.89063,36069.80469,36069.80469,57244195486
20-01-2021,BTC-USD,36050.11328,36378.32813,33570.47656,35547.75,66834573161
21-01-2021,BTC-USD,35549.39844,35552.67969,30250.75,30825.69922,75643067688
22-01-2021,BTC-USD,30817.625,33811.85156,28953.37305,33005.76172,77207272511
23-01-2021,BTC-USD,32985.75781,33360.97656,31493.16016,32067.64258,48354737975
24-01-2021,BTC-USD,32064.37695,32944.00781,31106.68555,32289.37891,48643830599
25-01-2021,BTC-USD,32285.79883,34802.74219,32087.78711,32366.39258,59897054838
26-01-2021,BTC-USD,32358.61328,32794.55078,31030.26563,32569.84961,60255421470
27-01-2021,BTC-USD,32564.0293,32564.0293,29367.13867,30432.54688,62576762015
28-01-2021,BTC-USD,30441.04102,31891.30078,30023.20703,31649.60547,78948162368
29-01-2021,BTC-USD,34318.67188,38406.26172,32064.81445,34316.38672,1.18E+11
30-01-2021,BTC-USD,34295.93359,34834.70703,32940.1875,34269.52344,65141828798
31-01-2021,BTC-USD,34270.87891,34288.33203,32270.17578,33114.35938,52754542671
01-02-2021,BTC-USD,33114.57813,34638.21484,32384.22852,33537.17578,61400400660
02-02-2021,BTC-USD,33533.19922,35896.88281,33489.21875,35510.28906,63088585433
03-02-2021,BTC-USD,35510.82031,37480.1875,35443.98438,37472.08984,61166818159
04-02-2021,BTC-USD,37475.10547,38592.17578,36317.5,36926.06641,68838074392
05-02-2021,BTC-USD,36931.54688,38225.90625,36658.76172,38144.30859,58598066402
06-02-2021,BTC-USD,38138.38672,40846.54688,38138.38672,39266.01172,71326033653
07-02-2021,BTC-USD,39250.19141,39621.83594,37446.15234,38903.44141,65500641143
08-02-2021,BTC-USD,38886.82813,46203.92969,38076.32422,46196.46484,1.01E+11
09-02-2021,BTC-USD,46184.99219,48003.72266,45166.96094,46481.10547,91809846886
10-02-2021,BTC-USD,46469.76172,47145.56641,43881.15234,44918.18359,87301089896
11-02-2021,BTC-USD,44898.71094,48463.46875,44187.76172,47909.33203,81388911810
12-02-2021,BTC-USD,47877.03516,48745.73438,46424.97656,47504.85156,76555041196
13-02-2021,BTC-USD,47491.20313,48047.74609,46392.28125,47105.51563,70250456155
14-02-2021,BTC-USD,47114.50781,49487.64063,47114.50781,48717.28906,71248675228
15-02-2021,BTC-USD,48696.53516,48875.57031,46347.47656,47945.05859,77069903166
16-02-2021,BTC-USD,47944.45703,50341.10156,47201.30469,49199.87109,77049582886
17-02-2021,BTC-USD,49207.27734,52533.91406,49072.37891,52149.00781,80820545404
18-02-2021,BTC-USD,52140.97266,52474.10547,51015.76563,51679.79688,52054723579
19-02-2021,BTC-USD,51675.98047,56113.65234,50937.27734,55888.13281,63495496918
20-02-2021,BTC-USD,55887.33594,57505.22656,54626.55859,56099.51953,68145460026
21-02-2021,BTC-USD,56068.56641,58330.57031,55672.60938,57539.94531,51897585191
22-02-2021,BTC-USD,57532.73828,57533.39063,48967.56641,54207.32031,92052420332
23-02-2021,BTC-USD,54204.92969,54204.92969,45290.58984,48824.42578,1.06E+11
24-02-2021,BTC-USD,48835.08594,51290.13672,47213.5,49705.33203,63695521388
25-02-2021,BTC-USD,49709.08203,51948.96875,47093.85156,47093.85156,54506565949
26-02-2021,BTC-USD,47180.46484,48370.78516,44454.84375,46339.76172,3.51E+11
27-02-2021,BTC-USD,46344.77344,48253.26953,45269.02734,46188.45313,45910946382
28-02-2021,BTC-USD,46194.01563,46716.42969,43241.61719,45137.76953,53443887451
01-03-2021,BTC-USD,45159.50391,49784.01563,45115.09375,49631.24219,53891300112
02-03-2021,BTC-USD,49612.10547,50127.51172,47228.84375,48378.98828,47530897720
03-03-2021,BTC-USD,48415.81641,52535.13672,48274.32031,50538.24219,53220811975
04-03-2021,BTC-USD,50522.30469,51735.08984,47656.92969,48561.16797,52343816680
05-03-2021,BTC-USD,48527.03125,49396.42969,46542.51563,48927.30469,48625928883
06-03-2021,BTC-USD,48899.23047,49147.21875,47257.52734,48912.38281,34363564661
07-03-2021,BTC-USD,48918.67969,51384.36719,48918.67969,51206.69141,43137459378
08-03-2021,BTC-USD,51174.11719,52314.07031,49506.05469,52246.52344,48597428048
09-03-2021,BTC-USD,52272.96875,54824.11719,51981.83203,54824.11719,50912227385
10-03-2021,BTC-USD,54824.01172,57258.25391,53290.89063,56008.55078,57295577614
11-03-2021,BTC-USD,55963.17969,58091.0625,54484.59375,57805.12109,56772343595
12-03-2021,BTC-USD,57821.21875,57996.62109,55376.64844,57332.08984,55689944702
13-03-2021,BTC-USD,57343.37109,61683.86328,56217.97266,61243.08594,60669829814
14-03-2021,BTC-USD,61221.13281,61597.91797,59302.31641,59302.31641,43901225564
15-03-2021,BTC-USD,59267.42969,60540.99219,55393.16406,55907.19922,66419369890
16-03-2021,BTC-USD,55840.78516,56833.17969,53555.02734,56804.90234,59749798599
17-03-2021,BTC-USD,56825.82813,58969.81641,54528.62891,58870.89453,60258313191
18-03-2021,BTC-USD,58893.07813,60116.25,54253.57813,57858.92188,55746041000
19-03-2021,BTC-USD,57850.44141,59498.375,56643.70313,58346.65234,49063873786
20-03-2021,BTC-USD,58332.26172,60031.28516,58213.29688,58313.64453,50361731222
21-03-2021,BTC-USD,58309.91406,58767.89844,56005.61719,57523.42188,51943414539
22-03-2021,BTC-USD,57517.89063,58471.48047,54288.15625,54529.14453,56521454974
23-03-2021,BTC-USD,54511.66016,55985.44141,53470.69531,54738.94531,56435023914
24-03-2021,BTC-USD,54710.48828,57262.38281,52514.33203,52774.26563,70567223787
25-03-2021,BTC-USD,52726.74609,53392.38672,50856.57031,51704.16016,67999812841
26-03-2021,BTC-USD,51683.01172,55137.3125,51579.85547,55137.3125,56652197978
27-03-2021,BTC-USD,55137.56641,56568.21484,54242.91016,55973.51172,47266542233
28-03-2021,BTC-USD,55974.94141,56610.3125,55071.11328,55950.74609,47686580918
29-03-2021,BTC-USD,55947.89844,58342.09766,55139.33984,57750.19922,57625587027
30-03-2021,BTC-USD,57750.13281,59447.22266,57251.55078,58917.69141,54414116432
31-03-2021,BTC-USD,58930.27734,59930.02734,57726.41797,58918.83203,65520826225
01-04-2021,BTC-USD,58926.5625,59586.07031,58505.27734,59095.80859,61669163792
02-04-2021,BTC-USD,59098.87891,60267.1875,58869.28125,59384.3125,58727860620
03-04-2021,BTC-USD,59397.41016,60110.26953,57603.89063,57603.89063,59641344484
04-04-2021,BTC-USD,57604.83984,58913.74609,57168.67578,58758.55469,50749662970
05-04-2021,BTC-USD,58760.875,59891.29688,57694.82422,59057.87891,60706272115
06-04-2021,BTC-USD,59171.93359,59479.57813,57646.80859,58192.35938,66058027988
07-04-2021,BTC-USD,58186.50781,58731.14453,55604.02344,56048.9375,75645303584
08-04-2021,BTC-USD,56099.91406,58338.73828,55879.08594,58323.95313,53053855641
09-04-2021,BTC-USD,58326.5625,58937.04688,57807.86328,58245.00391,46655208546
10-04-2021,BTC-USD,58253.77734,61276.66406,58038.70703,59793.23438,58238470525
11-04-2021,BTC-USD,59846.23047,60790.55469,59289.79688,60204.96484,46280252580
12-04-2021,BTC-USD,60175.94531,61253.03516,59589.875,59893.45313,51828688519
13-04-2021,BTC-USD,59890.01953,63742.28516,59869.95703,63503.45703,69983454362
14-04-2021,BTC-USD,63523.75391,64863.09766,61554.79688,63109.69531,77451779687
15-04-2021,BTC-USD,63075.19531,63821.67188,62208.96484,63314.01172,60954381579
16-04-2021,BTC-USD,63258.50391,63594.72266,60222.53125,61572.78906,84293007468
17-04-2021,BTC-USD,61529.92188,62572.17578,60361.35156,60683.82031,66138759198
18-04-2021,BTC-USD,60701.88672,61057.45703,52829.53516,56216.18359,97468872758
19-04-2021,BTC-USD,56191.58594,57520.05469,54368.59375,55724.26563,65344865159
20-04-2021,BTC-USD,55681.79297,57062.14844,53448.04688,56473.03125,67849323955
21-04-2021,BTC-USD,56471.12891,56757.97266,53695.46875,53906.08984,54926612466
22-04-2021,BTC-USD,53857.10547,55410.23047,50583.8125,51762.27344,74798630778
23-04-2021,BTC-USD,51739.80859,52120.79297,47714.66406,51093.65234,86668667320
24-04-2021,BTC-USD,51143.22656,51167.5625,48805.28516,50050.86719,49014494781
25-04-2021,BTC-USD,50052.83203,50506.01953,47159.48438,49004.25391,46117114240
26-04-2021,BTC-USD,49077.79297,54288.00391,48852.79688,54021.75391,58284039825
27-04-2021,BTC-USD,54030.30469,55416.96484,53319.1875,55033.11719,49448222757
28-04-2021,BTC-USD,55036.63672,56227.20703,53887.91797,54824.70313,48000572955
29-04-2021,BTC-USD,54858.08984,55115.84375,52418.02734,53555.10938,46088929780
30-04-2021,BTC-USD,53568.66406,57900.71875,53129.60156,57750.17578,52395931985
01-05-2021,BTC-USD,57714.66406,58448.33984,57052.27344,57828.05078,42836427360
02-05-2021,BTC-USD,57825.86328,57902.59375,56141.90625,56631.07813,38177405335
03-05-2021,BTC-USD,56620.27344,58973.30859,56590.87109,57200.29297,51713139031
04-05-2021,BTC-USD,57214.17969,57214.17969,53191.42578,53333.53906,68564706967
05-05-2021,BTC-USD,53252.16406,57911.36328,52969.05469,57424.00781,69241316747
06-05-2021,BTC-USD,57441.30859,58363.31641,55382.50781,56396.51563,69523285106
07-05-2021,BTC-USD,56413.95313,58606.63281,55321.84766,57356.40234,68434023376
08-05-2021,BTC-USD,57352.76563,59464.61328,56975.21094,58803.77734,65382980634
09-05-2021,BTC-USD,58877.39063,59210.88281,56482.00391,58232.31641,65906690347
10-05-2021,BTC-USD,58250.87109,59519.35547,54071.45703,55859.79688,71776546298
11-05-2021,BTC-USD,55847.24219,56872.54297,54608.65234,56704.57422,61308396325
01-12-2020,CDR,27.549999,29.4,27.280001,28.35,86700
02-12-2020,CDR,28.440001,29.469999,28,29.16,94000
03-12-2020,CDR,28.65,29.799999,28.52,29.1,39700
04-12-2020,CDR,29.469999,31.559999,29.290001,31,74400
07-12-2020,CDR,29.379999,29.49,28.200001,28.35,137700
08-12-2020,CDR,26.860001,27.950001,26.559999,27.639999,106000
09-12-2020,CDR,27.33,27.93,26.5,27.68,76300
10-12-2020,CDR,25.25,26,24.5,24.955,170400
11-12-2020,CDR,22.1,23.35,21.620001,22.879999,510200
14-12-2020,CDR,18.65,22.129999,18.4,20.75,2219200
15-12-2020,CDR,21.18,21.190001,20.5,20.5,192600
16-12-2020,CDR,21.18,21.35,20.459999,21.200001,108100
17-12-2020,CDR,21.290001,22.799999,21.167,21.99,190100
18-12-2020,CDR,18.299999,19.07,17.99,18.5,628500
21-12-2020,CDR,18.17,18.35,17.35,17.969999,1572800
22-12-2020,CDR,18.940001,19.76,17.9,19.299999,698800
23-12-2020,CDR,19.219999,19.219999,18.25,18.9,498800
24-12-2020,CDR,18.950001,19.5,18.280001,18.35,214800
28-12-2020,CDR,18.719999,19.1,18.35,18.895,238900
29-12-2020,CDR,19.190001,19.25,18.6,18.969999,143900
30-12-2020,CDR,18.57,19.200001,18.35,18.549999,115800
31-12-2020,CDR,18.549999,18.875,18.299999,18.309999,165500
04-01-2021,CDR,18.33,18.889999,18.32,18.549999,101300
05-01-2021,CDR,18.59,18.59,18,18.200001,152900
06-01-2021,CDR,18.059999,18.52,18.059999,18.32,44500
07-01-2021,CDR,17.959999,17.959999,16.799999,17.18,218600
08-01-2021,CDR,16.99,16.99,15.91,16.280001,188800
11-01-2021,CDR,16.51,16.65,16.290001,16.565001,119300
12-01-2021,CDR,16.540001,16.799999,16.5,16.75,157100
13-01-2021,CDR,16.75,16.92,16.639999,16.870001,82200
14-01-2021,CDR,18.27,18.299999,17.6,18.1,151800
15-01-2021,CDR,17.700001,17.700001,17,17.450001,151600
19-01-2021,CDR,16.809999,17.450001,16.370001,16.780001,243700
20-01-2021,CDR,16.455,17.059999,16.455,17.055,52900
21-01-2021,CDR,17.299999,17.33,16.969999,17.33,48500
22-01-2021,CDR,17.4,17.4,16.799999,16.959999,61200
25-01-2021,CDR,18.190001,18.41,17.809999,18.205,143600
26-01-2021,CDR,18.459999,19.92,18.459999,19.9,151600
27-01-2021,CDR,21.51,21.92,20.76,20.9,224400
01-12-2020,DOGE-USD,0.003551,0.003572,0.003269,0.003335,80163603
02-12-2020,DOGE-USD,0.003335,0.003436,0.003293,0.003374,58705661
03-12-2020,DOGE-USD,0.003375,0.0035,0.003352,0.003428,47907032
04-12-2020,DOGE-USD,0.003429,0.003447,0.003285,0.003298,45062222
05-12-2020,DOGE-USD,0.003297,0.003414,0.003268,0.003397,43386583
06-12-2020,DOGE-USD,0.003397,0.003442,0.003343,0.003388,40936574
07-12-2020,DOGE-USD,0.003388,0.0034,0.00332,0.003342,36923814
08-12-2020,DOGE-USD,0.003343,0.003361,0.003138,0.003179,52702701
09-12-2020,DOGE-USD,0.003179,0.003182,0.003016,0.003158,45746722
10-12-2020,DOGE-USD,0.003158,0.003165,0.003066,0.003105,33740988
11-12-2020,DOGE-USD,0.003105,0.00311,0.003009,0.003079,41712942
12-12-2020,DOGE-USD,0.003079,0.003184,0.003075,0.003163,35466155
13-12-2020,DOGE-USD,0.003164,0.003274,0.003153,0.003256,37464323
14-12-2020,DOGE-USD,0.003256,0.003279,0.003199,0.003231,36238516
15-12-2020,DOGE-USD,0.00323,0.00325,0.003178,0.003206,37127782
16-12-2020,DOGE-USD,0.003205,0.003422,0.003186,0.003416,50989880
17-12-2020,DOGE-USD,0.003416,0.004113,0.003406,0.00373,172736659
18-12-2020,DOGE-USD,0.00373,0.00397,0.003618,0.003858,101799430
19-12-2020,DOGE-USD,0.003859,0.004018,0.00381,0.003927,98447179
20-12-2020,DOGE-USD,0.003926,0.004678,0.003827,0.004625,508066004
21-12-2020,DOGE-USD,0.004627,0.005406,0.004363,0.004787,664160057
22-12-2020,DOGE-USD,0.004784,0.004843,0.00437,0.004508,239288785
23-12-2020,DOGE-USD,0.004508,0.004735,0.00364,0.003768,205080908
24-12-2020,DOGE-USD,0.003768,0.004577,0.003697,0.00457,143405580
25-12-2020,DOGE-USD,0.00457,0.004613,0.004395,0.004582,136819917
26-12-2020,DOGE-USD,0.004581,0.00464,0.004423,0.004494,151728507
27-12-2020,DOGE-USD,0.004493,0.004805,0.004429,0.004548,154526399
28-12-2020,DOGE-USD,0.004548,0.004716,0.004523,0.004592,99641525
29-12-2020,DOGE-USD,0.004592,0.004608,0.004278,0.004486,90876497
30-12-2020,DOGE-USD,0.004487,0.004703,0.004453,0.004636,94834499
31-12-2020,DOGE-USD,0.004636,0.004743,0.004553,0.004682,85498337
01-01-2021,DOGE-USD,0.004681,0.005685,0.004615,0.005685,228961515
02-01-2021,DOGE-USD,0.005686,0.013698,0.005584,0.010615,3421562680
03-01-2021,DOGE-USD,0.010602,0.013867,0.009409,0.009771,2707003608
04-01-2021,DOGE-USD,0.009785,0.011421,0.007878,0.009767,1372398979
05-01-2021,DOGE-USD,0.009767,0.010219,0.008972,0.00992,687256067
06-01-2021,DOGE-USD,0.009923,0.010854,0.009685,0.010465,749915516
07-01-2021,DOGE-USD,0.010454,0.010532,0.009162,0.009742,520644706
08-01-2021,DOGE-USD,0.009743,0.010285,0.008986,0.009846,394462164
09-01-2021,DOGE-USD,0.009833,0.01074,0.00974,0.010194,485842353
10-01-2021,DOGE-USD,0.010193,0.010867,0.009177,0.00986,458583519
11-01-2021,DOGE-USD,0.009858,0.009858,0.00677,0.008835,637956958
12-01-2021,DOGE-USD,0.00883,0.009145,0.007904,0.008063,333308457
13-01-2021,DOGE-USD,0.008062,0.008646,0.007787,0.008616,240079033
14-01-2021,DOGE-USD,0.008619,0.01003,0.008349,0.009397,428369039
15-01-2021,DOGE-USD,0.009389,0.009796,0.00846,0.009369,398965925
16-01-2021,DOGE-USD,0.009367,0.009531,0.00914,0.009265,258630480
17-01-2021,DOGE-USD,0.009263,0.009367,0.008841,0.009067,254487989
18-01-2021,DOGE-USD,0.00907,0.009295,0.008981,0.009171,205025648
19-01-2021,DOGE-USD,0.009172,0.009613,0.00902,0.009098,249242632
20-01-2021,DOGE-USD,0.009096,0.009153,0.008529,0.00906,220205442
21-01-2021,DOGE-USD,0.009062,0.009089,0.008061,0.008166,215419839
22-01-2021,DOGE-USD,0.008165,0.008769,0.007654,0.008524,185490003
23-01-2021,DOGE-USD,0.00852,0.008808,0.008388,0.008579,154393737
24-01-2021,DOGE-USD,0.008578,0.008951,0.008516,0.008727,162191977
25-01-2021,DOGE-USD,0.008727,0.008879,0.008276,0.008383,180820875
26-01-2021,DOGE-USD,0.008382,0.008456,0.008022,0.008255,161173749
27-01-2021,DOGE-USD,0.008255,0.008259,0.007294,0.007482,204797186
28-01-2021,DOGE-USD,0.007481,0.013826,0.007351,0.012555,2125005503
29-01-2021,DOGE-USD,0.043734,0.077973,0.032341,0.047162,25403310432
30-01-2021,DOGE-USD,0.046803,0.049901,0.022488,0.028176,8735576553
31-01-2021,DOGE-USD,0.028191,0.045289,0.027102,0.037196,8548997882
01-02-2021,DOGE-USD,0.037054,0.04325,0.033367,0.034875,6319224026
02-02-2021,DOGE-USD,0.03491,0.034926,0.029195,0.03152,3090896595
03-02-2021,DOGE-USD,0.031493,0.039105,0.031146,0.03712,3146856788
04-02-2021,DOGE-USD,0.037226,0.057869,0.035945,0.053289,13040837601
05-02-2021,DOGE-USD,0.053043,0.05374,0.04354,0.046935,6136160058
06-02-2021,DOGE-USD,0.046931,0.058308,0.044904,0.057595,5946101275
07-02-2021,DOGE-USD,0.057502,0.084357,0.054239,0.078782,14261024073
08-02-2021,DOGE-USD,0.078352,0.084945,0.064702,0.078825,12844375210
09-02-2021,DOGE-USD,0.078773,0.083128,0.065621,0.07007,7348840814
10-02-2021,DOGE-USD,0.070111,0.081091,0.068525,0.072896,6785088422
11-02-2021,DOGE-USD,0.072844,0.074301,0.06829,0.069676,3818556739
12-02-2021,DOGE-USD,0.06965,0.07261,0.061445,0.070069,4190843784
13-02-2021,DOGE-USD,0.070025,0.071646,0.066135,0.06645,2618049766
14-02-2021,DOGE-USD,0.066448,0.066448,0.056723,0.062537,3984667628
15-02-2021,DOGE-USD,0.062568,0.063924,0.048547,0.056591,4944804938
16-02-2021,DOGE-USD,0.056488,0.059668,0.050983,0.05352,3409478696
17-02-2021,DOGE-USD,0.053522,0.054983,0.048034,0.049376,2976148723
18-02-2021,DOGE-USD,0.049363,0.061799,0.048989,0.059541,4551943638
19-02-2021,DOGE-USD,0.059434,0.059497,0.054315,0.055139,2949251418
20-02-2021,DOGE-USD,0.055132,0.060286,0.051628,0.054384,3175468554
21-02-2021,DOGE-USD,0.054369,0.058428,0.053556,0.05598,2450293068
22-02-2021,DOGE-USD,0.056044,0.060466,0.047096,0.053725,3366757324
23-02-2021,DOGE-USD,0.053698,0.053768,0.04241,0.047392,2394345361
24-02-2021,DOGE-USD,0.047414,0.059873,0.046216,0.056555,4148511571
25-02-2021,DOGE-USD,0.056615,0.057808,0.049869,0.050167,2356982022
26-02-2021,DOGE-USD,0.050138,0.052472,0.048708,0.05048,1694323466
27-02-2021,DOGE-USD,0.0505,0.05192,0.049297,0.050083,1286229526
28-02-2021,DOGE-USD,0.050097,0.050134,0.045088,0.048052,1408101260
01-03-2021,DOGE-USD,0.04807,0.051479,0.048029,0.050599,1494427207
02-03-2021,DOGE-USD,0.050596,0.052382,0.049299,0.050262,1346282318
03-03-2021,DOGE-USD,0.050278,0.052126,0.050078,0.050592,1093877445
04-03-2021,DOGE-USD,0.050587,0.051087,0.047879,0.050048,1170617084
05-03-2021,DOGE-USD,0.050028,0.050854,0.048147,0.049609,1173113591
06-03-2021,DOGE-USD,0.049601,0.052397,0.049383,0.050984,1480482384
07-03-2021,DOGE-USD,0.05098,0.052141,0.050572,0.052122,945455832
08-03-2021,DOGE-USD,0.052123,0.061949,0.051672,0.061949,3554150800
09-03-2021,DOGE-USD,0.062104,0.062268,0.056051,0.057998,2466159943
10-03-2021,DOGE-USD,0.057964,0.058616,0.054692,0.056004,1534489620
11-03-2021,DOGE-USD,0.055977,0.056698,0.054502,0.055918,1233383425
12-03-2021,DOGE-USD,0.055921,0.05698,0.054513,0.055349,1287767221
13-03-2021,DOGE-USD,0.055353,0.062432,0.054756,0.062432,1869833076
14-03-2021,DOGE-USD,0.062384,0.063052,0.058592,0.058592,2752132530
15-03-2021,DOGE-USD,0.058531,0.059689,0.055141,0.057088,1738710876
16-03-2021,DOGE-USD,0.057086,0.058921,0.055493,0.058607,1393771913
17-03-2021,DOGE-USD,0.05861,0.058866,0.056471,0.057653,861926643
18-03-2021,DOGE-USD,0.05764,0.058828,0.054143,0.057383,909777445
19-03-2021,DOGE-USD,0.057377,0.059721,0.056604,0.058328,964747809
20-03-2021,DOGE-USD,0.058315,0.060639,0.05812,0.058961,1012934488
21-03-2021,DOGE-USD,0.05897,0.059521,0.056798,0.057234,759592996
22-03-2021,DOGE-USD,0.057259,0.057732,0.054909,0.054962,696918565
23-03-2021,DOGE-USD,0.054941,0.056081,0.05294,0.053556,1040781777
24-03-2021,DOGE-USD,0.053528,0.056494,0.051242,0.051702,934537959
25-03-2021,DOGE-USD,0.051699,0.052407,0.049697,0.051448,1084214116
26-03-2021,DOGE-USD,0.051433,0.054028,0.051331,0.053952,776280028
27-03-2021,DOGE-USD,0.05394,0.055435,0.053528,0.054377,753844053
28-03-2021,DOGE-USD,0.054381,0.054752,0.053013,0.053698,460472975
29-03-2021,DOGE-USD,0.053678,0.054651,0.053175,0.054052,537919140
30-03-2021,DOGE-USD,0.054052,0.055434,0.053697,0.0539,728906171
31-03-2021,DOGE-USD,0.053902,0.054468,0.052269,0.053657,653389282
01-04-2021,DOGE-USD,0.053655,0.070111,0.053644,0.061986,5816046822
02-04-2021,DOGE-USD,0.061968,0.062249,0.057333,0.057664,2166925111
03-04-2021,DOGE-USD,0.057658,0.059484,0.055804,0.055804,1136931403
04-04-2021,DOGE-USD,0.055776,0.058107,0.055295,0.057404,938035097
05-04-2021,DOGE-USD,0.057411,0.060153,0.056435,0.059696,1513832721
06-04-2021,DOGE-USD,0.059689,0.06505,0.058094,0.064458,2608613912
07-04-2021,DOGE-USD,0.064454,0.067299,0.057641,0.059028,2857060849
08-04-2021,DOGE-USD,0.059036,0.061745,0.058817,0.061464,1055257541
09-04-2021,DOGE-USD,0.061463,0.06391,0.060296,0.061684,1060465774
10-04-2021,DOGE-USD,0.061591,0.065068,0.060818,0.063845,1369793118
11-04-2021,DOGE-USD,0.063749,0.079243,0.063203,0.074649,6646627317
12-04-2021,DOGE-USD,0.074544,0.074986,0.068889,0.070767,2687720380
13-04-2021,DOGE-USD,0.070678,0.095181,0.070678,0.093445,7176815090
14-04-2021,DOGE-USD,0.094256,0.14251,0.092452,0.121517,20977679327
15-04-2021,DOGE-USD,0.121167,0.187326,0.120736,0.182207,17916620386
16-04-2021,DOGE-USD,0.181587,0.4377,0.180488,0.36587,69410680685
17-04-2021,DOGE-USD,0.366098,0.374455,0.236524,0.284173,31413404067
18-04-2021,DOGE-USD,0.285105,0.349918,0.24644,0.320475,23464350388
19-04-2021,DOGE-USD,0.320466,0.431751,0.30908,0.407318,30641432779
20-04-2021,DOGE-USD,0.408435,0.422347,0.271618,0.3195,28130646191
21-04-2021,DOGE-USD,0.316953,0.346966,0.297036,0.306925,12723463706
22-04-2021,DOGE-USD,0.30599,0.308757,0.256276,0.260967,11879823706
23-04-2021,DOGE-USD,0.261023,0.268378,0.163669,0.248509,16165566164
24-04-2021,DOGE-USD,0.249544,0.28939,0.229891,0.270212,11057578568
25-04-2021,DOGE-USD,0.269789,0.288771,0.226301,0.251111,6849914675
26-04-2021,DOGE-USD,0.25124,0.280452,0.248026,0.270674,5118886527
27-04-2021,DOGE-USD,0.271427,0.279629,0.264928,0.272188,3590611310
01-12-2020,ETSY,161.509995,161.509995,154.100006,154.669998,3252100
02-12-2020,ETSY,151.375,155.600006,150,154.619995,2195900
03-12-2020,ETSY,154.490005,157.020996,154.199997,154.740005,2016100
04-12-2020,ETSY,154.130005,157.089996,153.222,155.029999,1967600
07-12-2020,ETSY,155.598007,158.880005,153.610001,156.929993,1942500
08-12-2020,ETSY,158.850006,167.916,156.800003,163.970001,3272500
09-12-2020,ETSY,165.940002,167.520004,157.639999,159.229996,3891000
10-12-2020,ETSY,157.300003,167.619995,157,165.300003,2593600
11-12-2020,ETSY,166.080002,171.660004,165.720001,170.020004,3064500
14-12-2020,ETSY,172.25,176.479996,169.660004,169.970001,3072300
15-12-2020,ETSY,172,179.929993,170.509995,177.800003,3380600
16-12-2020,ETSY,173.690002,182.779999,171.339996,182.339996,4292700
17-12-2020,ETSY,184.320007,192.089996,183.330002,188.100006,4322600
18-12-2020,ETSY,190.589996,191.729996,184.690002,190.759995,5352800
21-12-2020,ETSY,189.160004,193,184.550003,189.199997,3034000
22-12-2020,ETSY,191.110001,198.5,190.442993,197.380005,3372500
23-12-2020,ETSY,196.899994,197.380005,190.029999,190.169998,2099300
24-12-2020,ETSY,191.210007,193.740005,188.080002,190.309998,1116600
28-12-2020,ETSY,193.580002,194,175.839996,178.119995,4221700
29-12-2020,ETSY,179.645004,180,173.690002,177.009995,2359700
30-12-2020,ETSY,178.300003,183.410004,176.119995,183.179993,2125600
31-12-2020,ETSY,183.130005,183.380005,175.800003,177.910004,2076900
04-01-2021,ETSY,179.520004,181.600006,168.251999,172.080002,3262000
05-01-2021,ETSY,170.190002,175.770004,169.061996,174.979996,2168200
06-01-2021,ETSY,172.110001,173.160004,166.330002,167.570007,2966000
07-01-2021,ETSY,170.300003,173.5,167.25,170.789993,2785200
08-01-2021,ETSY,172.910004,179.729996,171.759995,175.649994,2470400
11-01-2021,ETSY,174.100006,187.759995,171.020004,183.039993,3821000
12-01-2021,ETSY,185.059998,211.850006,184.75,205.149994,9353800
13-01-2021,ETSY,204.610001,209.039993,200.869995,207.029999,2925000
14-01-2021,ETSY,207.25,221.119995,207,211.520004,5038600
15-01-2021,ETSY,211.210007,211.990005,197.160004,204.419998,3601500
19-01-2021,ETSY,208.660004,221.339996,208,221.309998,4515000
20-01-2021,ETSY,223.429993,225.740005,213.720001,215.690002,3436300
21-01-2021,ETSY,218.550003,221.440002,212.300003,212.539993,2939900
22-01-2021,ETSY,211.169998,215.145004,209.139999,213.589996,2162700
25-01-2021,ETSY,217,221.440002,205.399994,208.809998,2341400
01-12-2020,GME,17.110001,17.4,15.76,15.8,12653900
02-12-2020,GME,15.7,16.68,15.38,16.58,7883400
03-12-2020,GME,16.48,16.639999,15.87,16.120001,6295000
04-12-2020,GME,16.299999,17.290001,16.26,16.9,8972700
07-12-2020,GME,17,17.5,16.219999,16.35,7386300
08-12-2020,GME,16.370001,17.209999,15.93,16.940001,16120200
09-12-2020,GME,13.92,14.73,13.23,13.66,24357900
10-12-2020,GME,13.12,14.41,13.05,14.12,7558900
11-12-2020,GME,13.91,14,13.02,13.31,7496900
14-12-2020,GME,13.34,13.43,12.14,12.72,10007100
15-12-2020,GME,12.78,14.02,12.48,13.85,8189800
16-12-2020,GME,13.96,14.31,13.58,13.85,5865100
17-12-2020,GME,13.96,14.98,13.59,14.83,8194900
18-12-2020,GME,15.78,16.299999,15.18,15.63,16618800
21-12-2020,GME,15.81,16.35,15.28,15.53,9876100
22-12-2020,GME,16.219999,20.040001,16.15,19.459999,30652700
23-12-2020,GME,20.17,22.35,19.129999,20.57,25830300
24-12-2020,GME,21.01,21.48,19.950001,20.15,6262200
28-12-2020,GME,21.309999,21.969999,20.35,20.99,8965900
29-12-2020,GME,20.82,21.07,18.559999,19.379999,9241400
30-12-2020,GME,19.379999,20,18.85,19.26,5934400
31-12-2020,GME,19.25,19.799999,18.799999,18.84,6922700
04-01-2021,GME,19,19.1,17.15,17.25,10022500
05-01-2021,GME,17.35,18.08,17.23,17.370001,4961500
06-01-2021,GME,17.34,18.98,17.33,18.360001,6056200
07-01-2021,GME,18.469999,19.450001,18.02,18.08,6129300
08-01-2021,GME,18.18,18.299999,17.08,17.690001,6482000
11-01-2021,GME,19.41,20.65,19.01,19.940001,14908000
12-01-2021,GME,19.959999,20.4,19.32,19.950001,7060700
13-01-2021,GME,20.42,38.650002,20.030001,31.4,144501700
14-01-2021,GME,38.09,43.060001,33.049999,39.91,93717400
15-01-2021,GME,38.490002,40.75,34.009998,35.5,46866400
19-01-2021,GME,41.549999,45.52,36.639999,39.360001,74721900
20-01-2021,GME,37.369999,41.189999,36.060001,39.119999,33471800
21-01-2021,GME,39.23,44.75,37,43.029999,56216900
22-01-2021,GME,42.59,76.760002,42.32,65.010002,197157900
25-01-2021,GME,96.730003,159.179993,61.130001,76.790001,177874000
01-12-2020,SAND,7.57,7.67,7.29,7.63,1986400
02-12-2020,SAND,7.63,7.66,7.47,7.6,956900
03-12-2020,SAND,7.6,7.66,7.46,7.56,944400
04-12-2020,SAND,7.56,7.6,7.38,7.39,1389200
07-12-2020,SAND,7.36,7.78,7.34,7.68,1661000
08-12-2020,SAND,7.75,7.75,7.58,7.61,1034300
09-12-2020,SAND,7.5,7.52,7.16,7.28,1669200
10-12-2020,SAND,7.28,7.44,7.18,7.23,1185700
11-12-2020,SAND,7.22,7.29,7.11,7.18,1228500
14-12-2020,SAND,7.21,7.27,7.03,7.04,1466600
15-12-2020,SAND,7.16,7.37,7.16,7.3,1446900
16-12-2020,SAND,7.37,7.46,7.22,7.37,1416100
17-12-2020,SAND,7.53,7.72,7.49,7.68,1893800
18-12-2020,SAND,7.66,7.66,7.29,7.29,2442500
21-12-2020,SAND,7.41,7.62,7.32,7.49,1983300
22-12-2020,SAND,7.5,7.5,7.04,7.05,2295900
23-12-2020,SAND,7.16,7.29,7.09,7.23,1759700
24-12-2020,SAND,7.18,7.3,7.12,7.26,559000
28-12-2020,SAND,7.39,7.5,7.14,7.15,1237700
29-12-2020,SAND,7.14,7.28,7.09,7.12,1325400
30-12-2020,SAND,7.12,7.31,7.12,7.3,1454400
31-12-2020,SAND,7.34,7.35,7.14,7.17,1046200
04-01-2021,SAND,7.47,7.73,7.36,7.66,2815300
05-01-2021,SAND,7.77,7.81,7.43,7.51,2188800
06-01-2021,SAND,7.45,7.46,7.23,7.43,2002100
07-01-2021,SAND,7.4,7.47,7.21,7.36,1556200
08-01-2021,SAND,7.23,7.26,6.86,6.98,2962300
11-01-2021,SAND,6.87,7.12,6.76,6.99,1898600
12-01-2021,SAND,7,7.02,6.82,6.92,1726800
13-01-2021,SAND,6.97,7.03,6.83,6.84,1489700
14-01-2021,SAND,6.88,7,6.83,6.86,1457200
15-01-2021,SAND,6.85,6.88,6.63,6.65,1358900
19-01-2021,SAND,6.67,6.77,6.57,6.67,1451400
20-01-2021,SAND,6.8,6.92,6.74,6.87,1413700
21-01-2021,SAND,6.91,6.92,6.64,6.7,1557000
22-01-2021,SAND,6.56,6.71,6.44,6.64,1886700
25-01-2021,SAND,6.66,6.71,6.5,6.57,1314700
26-01-2021,SAND,6.57,6.77,6.5,6.75,1768500
27-01-2021,SAND,6.63,6.65,6.35,6.38,2100800
28-01-2021,SAND,6.52,6.74,6.44,6.58,2659200
29-01-2021,SAND,6.83,6.87,6.44,6.46,2573600
01-02-2021,SAND,6.8,6.82,6.53,6.78,3479000
02-02-2021,SAND,6.64,6.68,6.42,6.42,1928500
03-02-2021,SAND,6.47,6.55,6.43,6.5,1241300
01-12-2020,SHOP,1080.380005,1087.72998,1051,1069.060059,1729800
02-12-2020,SHOP,1051,1083.369995,1036.01001,1079.439941,1252300
03-12-2020,SHOP,1082,1112.406982,1061.300049,1062.680054,1515600
04-12-2020,SHOP,1068,1079.27002,1051.109985,1053.890015,852700
07-12-2020,SHOP,1058.01001,1088,1056.036987,1084.400024,934700
08-12-2020,SHOP,1088.969971,1107,1083,1102.089966,1087100
09-12-2020,SHOP,1100,1102.939941,1028.420044,1038.189941,1430000
10-12-2020,SHOP,1017.5,1073,1017,1067.369995,980500
11-12-2020,SHOP,1064.97998,1075,1038,1057.869995,738900
14-12-2020,SHOP,1050,1079.27002,1039.160034,1059.170044,1131900
15-12-2020,SHOP,1054.189941,1086.209961,1050.660034,1074.099976,804200
16-12-2020,SHOP,1072.609985,1164.166016,1071.689941,1157.310059,3092700
17-12-2020,SHOP,1163,1206.89502,1150.43103,1180,2295100
18-12-2020,SHOP,1181.839966,1184.22998,1161.119995,1170.959961,1114600
21-12-2020,SHOP,1164.97998,1205.189941,1145,1197.26001,1517300
22-12-2020,SHOP,1203.949951,1285.185059,1200.165039,1277.079956,2499200
23-12-2020,SHOP,1275,1276.219971,1197.400024,1197.959961,2128400
24-12-2020,SHOP,1216,1238.97998,1209.546997,1225.52002,925500
28-12-2020,SHOP,1229.859985,1231.540039,1137.219971,1147.060059,1896300
29-12-2020,SHOP,1168,1200.452026,1146.329956,1171.609985,1422000
30-12-2020,SHOP,1178.130005,1180.609985,1142.790039,1163,790900
31-12-2020,SHOP,1163.459961,1163.459961,1128.25,1131.949951,818400
04-01-2021,SHOP,1137.98999,1142.875,1077.859985,1092.400024,1644900
05-01-2021,SHOP,1094.369995,1118.73999,1085.589966,1118.73999,905500
06-01-2021,SHOP,1097.5,1109,1076.050049,1087.310059,1268700
07-01-2021,SHOP,1102,1161.709961,1102,1159.530029,1376500
08-01-2021,SHOP,1172,1194.890015,1151.540039,1188.920044,1378100
11-01-2021,SHOP,1170.5,1217.689941,1160,1177.640015,1110800
12-01-2021,SHOP,1188,1205.790039,1165.427979,1188.23999,902200
13-01-2021,SHOP,1192,1201.969971,1169.5,1199.819946,693800
14-01-2021,SHOP,1228.98999,1230.099976,1170.650024,1178.859985,1183800
15-01-2021,SHOP,1190.160034,1193,1147,1170.469971,893300
19-01-2021,SHOP,1186.900024,1190.660034,1150.170044,1173.969971,776500
20-01-2021,SHOP,1180.709961,1216.319946,1175.345947,1200.97998,811900
21-01-2021,SHOP,1214,1216.25,1181,1198.150024,701100
22-01-2021,SHOP,1187.52002,1201.609985,1177.156006,1196.699951,624700
25-01-2021,SHOP,1206.160034,1247.449951,1165.5,1205.920044,1488300
26-01-2021,SHOP,1208.170044,1216.139038,1157.439941,1159.77002,985500
27-01-2021,SHOP,1149.920044,1149.920044,1081,1092.079956,1610200
16-11-2020,SIGL,0.63,0.63,0.59,0.59,0.45K
17-11-2020,SIGL,0.465,0.465,0.465,0.465,0
19-11-2020,SIGL,0.3,0.44,0.052,0.2651,24.10K
20-11-2020,SIGL,0.43,0.4399,0.43,0.4399,0.94K
24-11-2020,SIGL,0.44,0.44,0.44,0.44,0
25-11-2020,SIGL,0.44,0.44,0.43,0.43,1.40K
27-11-2020,SIGL,0.44,0.44,0.44,0.44,0
01-12-2020,SIGL,0.2651,0.44,0.2651,0.44,3.10K
02-12-2020,SIGL,0.241,0.25,0.241,0.25,2.51K
03-12-2020,SIGL,0.44,0.44,0.33,0.37,10.52K
04-12-2020,SIGL,0.44,0.44,0.3,0.4,9.97K
07-12-2020,SIGL,0.31,0.44,0.31,0.44,9.88K
09-12-2020,SIGL,0.59,0.59,0.0601,0.5,17.89K
10-12-2020,SIGL,0.375,0.375,0.375,0.375,0
14-12-2020,SIGL,0.43,0.5,0.38,0.41,2.93K
15-12-2020,SIGL,0.41,0.428,0.41,0.4235,2.81K
16-12-2020,SIGL,0.43,0.43,0.43,0.43,0
17-12-2020,SIGL,0.5,0.5,0.41,0.41,2.50K
18-12-2020,SIGL,0.5,0.5,0.5,0.5,0
21-12-2020,SIGL,0.44,0.44,0.44,0.44,0
22-12-2020,SIGL,0.5,0.5,0.5,0.5,0
23-12-2020,SIGL,0.5,0.535,0.5,0.52,9.11K
28-12-2020,SIGL,0.6,0.6,0.55,0.55,26.18K
30-12-2020,SIGL,0.6,0.65,0.3301,0.65,16.03K
31-12-2020,SIGL,0.65,0.65,0.59,0.59,2.61K
05-01-2021,SIGL,0.6,0.6,0.59,0.59,28.79K
06-01-2021,SIGL,0.5999,0.6,0.5999,0.6,23.52K
